ada,afektif,agrophobia,ajar,akibat,aktivitas,alam,alami,anggap,anomali,anorexa,anxiety,asa,assessment,atas,awat,badan,bahasa,bangun,beda,benar,bentuk,berat,berulangulang,bipolar,bulimia,buluh,buruk,bus,cemas,dampak,darah,dasar,daya,delirium,delusi,demensia,dengar,depresi,derita,diagnosa,diagnosis,disorder,disosiatif,dokter,durasi,efek,eksentrik,emosi,enak,episode,episodik,etiologis,faktor,fisik,fobia,fungsi,ganggu,gaya,gejala,gera,halusinasi,hati,hidup,hipersomnia,hipertensi,hitung,index,infark,intens,interaksi,jadi,jadwal,jalan,jangka,jenis,jiwa,kacau,kantuk,kapasitas,kelompok,keluar,keluh,kembang,kena,kereta,keringat,kerumun,kisar,knowledges,kompleks,kompulsif,kondisi,kontribusi,kortikal,kronis,kumulatif,kurang,lain,laku,langkah,lelah,liput,makan,maksud,malam,mampu,manik,memori,memukulmukul,menang,mental,milik,mimpi,mood,napas,nervosa,neurologis,night,nilai,nyata,nyenyak,nyeri,obat,obsesif,ocd,orang,organik,orientasi,otak,paham,panik,parah,pasuk,pendek,pengaruh,pergi,perhati,periksa,perilaku,persepsi,persisten,perut,pesawat,pikir,pola,posttraumatic,prediksi,progresif,proses,psikiater,psikolog,psikologi,psikomotorik,psikosis,ptsd,putus,rasa,ria,ringan,rumah,sadar,sakit,sama,sebab,sedan,seharihari,sehat,seksual,sembuh,serebral,serebrovaskular,sesuai,siang,sifat,sindrom,situasi,skizofrenia,skizofrenik,somatisasi,somatoform,somnambulism,sosial,spesifik,stres,stress,suasana,sulit,sumber,takut,tambah,tanda,tangan,tempattempat,temu,terkadang,terror,tidur,tidurbangun,tindak,ting,tinggal,tingkat,toko,tonjol,tubuh,turun,ubah,ulang,variasi,vaskular,waham,ya
0,0,0,0,0,0,0,0,0,0,0,0,0,0,0,0,0,0,0,0,0,0,0,0,0,0,0,0,0,0,0,0,0,0,0,0,0,0,0,0,0,0,0,0,0,0,0,0,0,0,0,0,0,1,0,0,0,0,0,1,0,0,0,0,0,0,0,0,0,0,0,0,0,0,0,0,0,0,0,0,0,0,0,1,1,0,0,0,0,"Ya, penyakit mental bisa diobati dan ditangani dengan baik. 

Maksudnya, seseorang yang terkena penyakit mental, dan yang sedan berobat bisa sembuh. Akan tetapi, karena banyak faktor yang berkontribusi untuk perkembangan di setiap gejalanya, terkadang sulit untuk memprediksi bagaimana, kapan, atau pada tingkat apa seseorang tersebut bisa sembuh.",0,0,0,1,0,0,0,0,0,0,0,0,0,0,1,0,0,0,0,0,0,2,0,0,0,0,0,0,0,0,0,0,0,2,0,0,0,0,0,0,0,0,0,0,0,0,0,0,0,0,0,0,0,0,0,0,0,1,0,0,0,0,0,0,0,0,0,0,0,0,0,0,2,0,0,1,0,0,0,2,0,0,0,0,0,0,0,0,0,0,0,0,0,0,0,0,0,1,0,0,0,0,1,0,0,1,0,0,0,0,0,0,1,0,0,0,0,0,0,0,0,0,1
0,0,0,0,0,0,0,0,0,0,0,0,0,1,0,2,0,0,0,0,0,0,0,0,0,0,0,0,0,0,0,0,1,0,0,0,0,0,0,1,2,0,0,0,0,0,0,0,0,0,0,0,0,0,0,0,0,0,0,1,0,0,0,0,0,0,0,0,0,0,0,1,0,0,0,1,0,0,0,0,0,0,0,0,0,0,0,0,0,"Ketika Anda atau seseorang yang kita tahu mulai merasakan kondisi mental yang tidak sehat, langkah awal untuk mendapatkan perawatan adalah menemui psikiater atau psikologi untuk mengetahui diagnosa yang dideritanya.

Setelah melalui proses assessment (penilaian), psikiater atau psikolog bisa membuat diagnosa berdasarkan pola gejala tersebut. Keputusan tersebut bisa dijadikan sebagai perawatan yang baik untuk jenis dan penyebab penyakit lainnya.",0,0,1,0,0,0,0,0,0,0,1,0,0,0,0,0,0,0,0,0,0,1,0,0,0,0,0,0,0,1,0,0,0,0,0,0,0,0,0,0,0,0,0,0,0,0,0,0,0,0,0,0,0,0,0,1,0,0,0,1,2,1,1,0,0,0,1,1,0,0,0,0,1,0,1,0,0,1,0,0,0,0,0,0,0,0,0,0,0,0,0,0,0,0,0,0,0,0,0,0,0,0,0,0,1,0,0,0,0,0,0,0,0,0,0,0,0,0,0,0,0,0,0
0,0,0,0,0,0,0,0,0,0,0,0,0,0,0,0,0,0,0,0,0,0,0,0,0,0,0,0,0,0,0,0,0,0,0,0,0,0,0,0,0,0,0,0,0,0,0,0,0,0,0,0,0,0,0,0,0,0,0,0,0,0,0,0,0,0,0,0,0,0,1,0,0,0,0,0,0,0,0,0,0,0,0,0,0,0,0,0,0,"Penyakit mental merupakan masalah kesehatan yang mempengaruhi bagaimana seseorang rasakan, berpikir, bertingkah laku, dan berinteraksi dengan orang lain. ",0,0,0,0,0,0,0,0,0,1,0,0,0,0,0,0,0,0,0,0,0,1,0,0,0,0,0,0,0,0,0,0,0,0,0,0,1,0,0,0,0,0,0,0,0,1,0,0,0,0,0,0,0,0,1,0,0,0,0,0,0,0,0,0,0,0,0,1,0,0,0,0,1,0,0,0,0,1,0,0,0,0,0,0,0,0,0,0,0,0,0,0,0,0,0,0,0,0,0,0,0,0,0,0,0,0,0,0,0,0,1,0,0,0,0,0,0,0,0,0,0,0,0
0,0,0,0,0,2,0,0,0,0,0,0,2,0,0,0,0,0,0,0,0,0,0,0,0,0,0,0,0,0,0,0,0,0,0,0,0,0,3,0,0,0,0,0,0,0,0,0,0,0,0,0,0,0,0,0,0,0,0,0,0,0,0,0,0,0,0,0,0,0,0,0,0,0,0,0,0,0,0,0,0,0,0,0,0,0,0,0,0,"Depresi adalah perasaan mood rendah dalam jangka waktu yang lama dan mempengaruhi kehidupan sehari - hari. Ini bisa membuat kita menjadi kurangnya harapan, putus asa, bersalah, tidak berguna, kurangnya motivasi, dan merasa lelah. 

Depresi juga bisa mempengaruhi harga diri, waktu tidur, nafsu makan, dorongan seksual, dan terkadang, kesehatan fisik kita.

Pasien yang terkena depresi menderita penurunan mood, pengurangan energi dan penurunan aktivitas. Kapasitas untuk kesenangan, minat, dan konsentrasi berkurang, dan ditandai kelelahan bahkan biasanya ketika melakukan aktivitas yang minim.",0,0,0,0,0,0,0,4,0,0,0,2,0,0,0,0,0,0,0,0,0,0,0,0,2,0,0,0,0,0,0,0,0,0,0,0,0,0,0,0,0,0,0,0,0,2,0,0,0,0,0,0,0,0,0,0,0,0,0,0,0,0,0,0,0,0,0,0,0,0,0,0,0,0,0,0,0,0,0,0,0,0,0,0,0,0,0,0,0,0,0,0,0,0,0,0,0,0,0,0,0,0,0,0,0,0,0,0,0,0,0,0,0,0,0,0,2,0,0,0,0,0,0
0,0,0,0,0,0,0,0,0,0,0,2,0,0,0,0,0,0,0,0,0,0,0,0,0,0,0,0,0,4,0,0,0,0,0,0,0,0,0,0,0,0,2,0,0,0,0,0,0,0,0,0,0,0,0,0,0,3,0,0,0,0,0,0,0,0,0,0,0,0,0,0,0,0,0,0,0,0,0,0,0,0,0,0,0,0,0,0,0,"Gangguan kecemasan atau anxiety disorder adalah sekelompok gangguan di mana kecemasan hanya timbul, atau dominan, dalam situasi tertentu yang tidak berbahaya saat ini. Akibatnya, situasi-situasi ini secara khas dihindari atau bertahan dengan rasa takut.

Orang dengan gangguan kecemasan atau anxiety disorder akan merasa sangat khawatir terhadap berbagai hal, bahkan ketika dirinya sedang berada dalam situasi normal. 

Dan juga, ditandai dengan perasaan takut dengan gejala fisik yang terkait dengan kecemasan.  ",0,0,0,0,0,0,0,0,0,0,0,0,0,0,0,0,0,0,0,0,0,0,0,0,0,0,0,0,0,0,0,0,0,0,0,0,0,0,0,0,0,0,0,0,0,0,0,0,0,0,0,0,0,0,0,0,0,0,0,0,0,0,0,0,0,0,0,0,0,0,0,0,0,0,0,0,0,0,0,0,0,0,0,0,0,0,2,0,0,0,0,0,0,0,0,0,0,0,0,2,0,0,0,0,0,0,0,0,0,0,0,0,0,0,0,0,0,0,0,0,0,0,0
0,0,0,0,0,3,0,0,0,0,0,0,0,0,0,0,0,0,0,0,0,0,0,0,5,0,0,0,0,0,0,0,0,0,0,0,0,0,0,0,0,0,0,0,0,0,0,0,0,0,0,0,0,0,0,0,0,6,0,0,0,0,3,0,0,0,0,0,0,0,0,0,0,0,0,0,0,0,0,0,0,0,0,0,0,0,0,0,0,"Bipolar disorder atau gangguan bipolar adalah gangguan yang ditandai oleh dua atau lebih episode di mana suasana hati pasien dan tingkat aktivitas terganggu secara signifikan. Gangguan ini terdiri pada beberapa peningkatan suasana hati, peningkatan energi dan aktivitas (hypomania atau mania), penurunan suasana hati dan penurunan energi dan aktivitas (depresi).

Dan juga, bipolar disorder atau gangguan bipolar adalah suatu kondisi mental yang menyebabkan terjadinya perubahan mood yang ekstrim. Hal ini membuat orang dengan gangguan bipolar memiliki episode mood yang sangat bahagia (mania) atau sangat sedih (depresi).

Sering kali, di antara perubahan keduanya, penderita tetap mengalami kondisi mood yang normal.",0,0,0,0,0,0,0,0,0,0,0,0,0,0,0,0,0,0,0,0,0,0,0,0,3,0,0,0,0,0,0,0,0,0,0,0,0,0,0,0,0,0,0,0,0,0,0,0,0,0,0,0,0,0,0,0,0,0,0,0,0,0,0,0,0,0,0,0,0,0,0,0,0,0,0,0,0,0,0,0,0,0,0,0,0,0,0,0,0,0,0,0,0,0,0,0,3,0,0,0,0,0,0,0,0,0,0,0,0,0,0,0,3,0,0,0,0,0,0,0,0,0,0
0,0,0,0,0,0,0,1,0,0,0,0,0,0,0,0,0,0,0,1,0,0,0,0,0,0,0,0,0,0,0,0,0,0,0,1,0,0,0,2,0,0,0,0,0,0,0,0,0,0,0,0,0,0,0,0,0,1,0,2,0,1,0,0,0,0,0,0,0,0,0,0,0,0,1,0,0,1,0,0,0,0,0,0,0,0,0,0,0,"Skizofrenia adalah gangguan mental kronis yang terjadi dalam jangka panjang. Skizofrenia juga menyebabkan penderitanya mengalami halusinasi, delusi atau waham, kekacauan berpikir, dan perubahan perilaku.

Gejala tersebut merupakan gejala dari psikosis, yaitu kondisi di mana penderitanya kesulitan membedakan kenyataan dengan pikirannya sendiri.",0,0,1,0,0,1,0,0,0,0,0,0,0,0,0,0,0,0,0,0,0,1,0,0,0,0,0,0,0,0,1,0,0,0,0,0,0,0,0,0,0,0,0,0,0,0,0,0,0,1,0,0,0,0,2,0,0,0,0,0,0,0,0,0,1,0,0,0,0,0,0,0,0,0,1,0,0,0,0,0,0,0,0,0,0,0,0,2,0,0,0,0,0,0,0,0,0,1,0,0,0,0,0,0,0,0,0,0,0,0,0,0,0,0,0,0,0,1,0,0,0,1,0
0,0,0,0,0,0,0,0,0,0,0,0,0,0,0,0,0,0,0,0,0,0,0,0,0,0,0,0,0,0,0,0,0,0,0,0,0,0,0,0,0,0,2,0,0,0,0,0,0,0,0,0,0,0,0,0,0,3,0,0,0,0,0,0,0,0,0,0,0,0,0,0,0,0,0,0,0,0,0,0,0,0,0,0,0,0,0,0,0,"PTSD atau Post-Traumatic Stress Disorder atau gangguan stres pasca trauma adalah respons yang tertunda atau berlarut-larut terhadap peristiwa atau situasi yang membuat stres (baik dalam jangka waktu singkat maupun panjang) yang bersifat sangat mengancam, yang kemungkinan menyebabkan tekanan yang meresap di hampir semua orang.

Dan juga, PTSD atau Post-Traumatic Stress Disorder atau gangguan stres pascatrauma adalah kondisi kejiwaan yang dipicu oleh kejadian tragis yang pernah dialami atau disaksikan. PTSD  termasuk kategori gangguan kecemasan yang membuat penderitanya tidak bisa melupakan atau sebaliknya tidak mau mengingat pengalaman traumatis tersebut, serta berpikir negatif terhadap diri sendiri dan dunia sekitarnya.",0,0,0,0,0,0,0,0,0,0,0,0,0,0,0,0,0,0,0,0,0,0,0,0,0,0,0,0,0,0,0,0,0,0,0,0,0,0,0,0,0,0,0,0,0,0,0,0,0,0,0,0,0,0,0,0,2,0,0,0,0,0,0,0,0,3,0,0,0,0,0,0,0,0,0,0,0,0,0,0,0,0,0,0,0,0,0,0,0,0,0,0,0,0,3,2,0,0,0,0,0,0,0,0,0,0,0,0,0,0,0,0,0,0,0,0,0,0,0,0,0,0,0
1,0,0,1,2,1,0,0,0,0,0,0,0,0,0,0,0,1,0,0,0,0,0,0,0,0,0,0,0,0,1,0,0,1,0,0,2,0,0,1,0,0,0,0,0,0,0,0,0,0,0,0,0,0,0,0,1,1,1,0,0,0,0,1,0,0,1,0,0,0,0,0,0,0,0,0,0,0,0,1,0,0,0,0,0,0,0,0,0,"Demensia adalah sindrom akibat penyakit otak, biasanya kronis atau
sifat progresif, di mana ada gangguan beberapa fungsi kortikal yang lebih tinggi,
termasuk memori, cara berpikir, orientasi, pemahaman, perhitungan, kapasitas belajar,
bahasa dan penilaian.

Demensia adalah penyakit yang mengakibatkan penurunan daya ingat dan cara berpikir. Kondisi ini berdampak pada gaya hidup, kemampuan bersosialisasi, hingga aktivitas sehari-hari penderitanya.",0,0,1,0,1,1,0,0,0,0,0,0,0,0,0,0,1,0,1,0,0,0,0,0,0,0,0,0,0,1,0,0,0,0,0,0,0,0,1,1,1,0,0,0,0,0,0,0,0,0,0,0,0,0,2,0,0,0,1,0,0,0,0,0,0,0,0,0,0,0,0,0,2,0,0,0,1,0,0,0,0,0,0,0,1,1,0,0,0,0,0,0,1,0,0,0,0,0,0,0,0,0,0,0,0,0,0,0,0,0,0,0,0,0,0,0,1,0,0,0,0,0,0
0,0,0,0,2,0,0,0,0,0,0,0,0,0,0,0,0,0,0,0,0,0,0,0,0,0,1,0,0,0,0,1,0,0,0,0,1,0,0,0,0,0,0,0,0,0,1,0,0,0,0,0,0,0,0,0,0,0,0,0,0,0,0,0,0,1,0,0,2,0,0,0,0,0,0,0,0,0,0,0,0,0,0,0,0,0,0,0,0,"Demensia vaskular adalah akibat dari infark otak akibat penyakit pembuluh darah, termasuk penyakit serebrovaskular hipertensi. Infark biasanya kecil tetapi efeknya kumulatif.",0,0,0,0,0,0,1,0,0,0,0,0,0,0,0,0,0,0,0,0,0,0,0,0,0,0,0,0,0,0,0,0,0,0,0,0,0,0,0,1,0,0,0,0,0,0,0,0,0,0,0,0,0,0,0,0,0,0,0,0,0,0,0,0,0,0,0,0,0,0,0,0,2,0,0,0,0,0,0,0,0,1,0,0,0,0,0,0,0,0,0,0,0,0,0,0,0,0,0,0,0,0,0,0,0,0,0,0,0,0,0,0,0,0,0,0,0,0,0,0,1,0,0
0,0,0,0,0,0,0,0,0,0,0,0,0,0,0,0,0,0,0,0,0,0,0,0,0,0,0,0,0,0,0,0,0,0,1,0,0,0,0,0,0,0,0,0,0,1,0,0,1,0,0,0,1,0,0,0,0,1,0,0,0,0,0,0,0,0,0,0,0,0,0,0,1,0,0,0,0,0,0,0,0,0,0,0,0,0,0,0,1,"Delirium adalah suatu sindrom serebral organik etiologis yang tidak spesifik yang ditandai dengan bersamaan gangguan kesadaran dan perhatian, persepsi, pemikiran, memori, perilaku psikomotorik, emosi dan jadwal tidur-bangun. Durasinya bervariasi dan tingkat keparahan berkisar dari ringan hingga sangat parah.",0,0,0,0,0,0,0,0,0,0,0,0,0,0,0,0,0,0,1,0,0,0,0,0,0,0,0,0,0,0,0,0,0,0,0,0,0,1,0,0,0,0,2,0,0,0,0,1,0,1,1,0,0,0,1,0,0,0,0,0,0,0,0,1,0,0,0,0,0,1,0,1,0,1,0,0,0,0,0,0,1,0,0,0,0,1,0,0,0,0,0,0,0,1,0,0,0,0,0,0,0,1,0,0,0,0,0,0,1,0,0,0,1,0,0,0,0,0,0,1,0,0,0
1,0,0,1,2,1,0,0,0,0,0,0,0,0,0,0,0,1,0,0,0,0,0,0,0,0,0,0,0,0,1,0,0,1,0,0,2,0,0,1,0,0,0,0,0,0,0,0,0,0,0,0,0,0,0,0,1,1,1,0,0,0,0,1,0,0,1,0,0,0,0,0,0,0,0,0,0,0,0,1,0,0,0,0,0,0,0,0,0,"Demensia adalah sindrom akibat penyakit otak, biasanya kronis atau
sifat progresif, di mana ada gangguan beberapa fungsi kortikal yang lebih tinggi,
termasuk memori, berpikir, orientasi, pemahaman, perhitungan, kapasitas belajar,
bahasa dan penilaian.

Demensia adalah penyakit yang mengakibatkan penurunan daya ingat dan cara berpikir. Kondisi ini berdampak pada gaya hidup, kemampuan bersosialisasi, hingga aktivitas sehari-hari penderitanya.",0,0,1,0,1,1,0,0,0,0,0,0,0,0,0,0,1,0,1,0,0,0,0,0,0,0,0,0,0,1,0,0,0,0,0,0,0,0,1,1,1,0,0,0,0,0,0,0,0,0,0,0,0,0,2,0,0,0,1,0,0,0,0,0,0,0,0,0,0,0,0,0,2,0,0,0,1,0,0,0,0,0,0,0,1,1,0,0,0,0,0,0,1,0,0,0,0,0,0,0,0,0,0,0,0,0,0,0,0,0,0,0,0,0,0,0,1,0,0,0,0,0,0
0,0,0,0,0,0,0,0,0,0,0,0,0,0,0,0,0,0,0,0,0,0,0,0,0,0,0,0,0,0,0,0,0,0,0,0,0,2,0,0,0,0,0,0,0,0,0,0,0,0,0,0,0,0,0,0,0,2,0,0,0,4,0,0,0,0,0,0,0,0,0,0,0,0,0,0,0,0,0,0,0,0,0,0,0,0,0,0,0,"Halusinasi Organik adalah gangguan halusinasi yang persisten atau berulang, biasanya terjadi secara visual atau pendengaran dan dalam kondisi sadar yang mungkin atau tidak mungkin dikenali oleh subjek.

Halusinasi adalah gangguan persepsi yang membuat seseorang mendengar, merasa, mencium aroma, dan melihat sesuatu yang kenyataannya tidak ada. Pada keadaan tertentu, halusinasi dapat mengakibatkan ancaman pada diri sendiri dan orang lain.",0,0,0,0,0,0,0,0,0,0,0,0,0,0,0,0,0,0,0,0,0,0,0,0,0,0,0,0,0,0,0,0,0,0,0,0,0,0,0,0,0,0,0,0,0,0,0,0,0,0,0,0,0,0,0,0,0,0,0,0,0,0,0,0,0,0,0,0,0,0,0,0,0,0,0,0,0,0,0,0,0,0,0,0,0,0,0,0,0,0,0,0,0,0,0,0,0,0,0,0,0,0,0,0,0,0,0,0,0,0,0,0,0,0,0,0,0,0,0,0,0,0,0
0,0,0,0,0,0,0,0,0,2,0,0,0,0,0,0,0,0,0,0,0,0,0,0,0,0,0,0,0,0,0,0,0,0,0,0,0,0,0,0,0,0,0,0,0,0,0,2,0,0,0,0,0,0,0,0,0,3,0,0,0,0,0,0,0,0,0,0,0,0,0,0,0,0,0,0,0,0,0,0,0,0,0,0,0,0,0,0,0,"Gangguan yang ditandai dengan perilaku eksentrik dan anomali dalam berpikir dan mempengaruhi
yang menyerupai Skizofrenia, meskipun tidak ada yang pasti dan karakteristik
anomali skizofrenik terjadi pada setiap tahap.

Gangguan kepribadian yang menyebabkan seseorang kesulitan untuk menjalin hubungan dekat dengan orang lain karena merasa sangat tidak nyaman untuk berinteraksi. Selain itu, seseorang dengan gangguan ini memiliki cara berpikir yang abnormal sehingga memiliki perilaku yang cenderung eksentrik.",0,0,0,0,0,0,0,0,0,0,0,0,0,0,0,0,0,0,0,0,0,0,2,0,0,0,0,0,0,0,0,0,0,0,0,0,0,0,0,0,0,0,0,0,0,0,0,0,0,2,0,0,0,0,2,0,0,0,0,0,0,0,0,0,0,0,0,0,0,0,0,0,0,0,0,0,0,0,0,0,0,0,0,0,0,0,0,0,0,0,0,0,0,0,0,0,0,0,0,0,0,0,0,0,0,0,0,0,0,0,0,0,0,0,0,0,0,0,0,0,0,0,0
0,0,0,0,0,0,0,0,0,0,0,0,0,0,0,0,0,0,0,0,0,0,0,0,0,0,0,0,0,0,0,0,0,0,0,4,0,0,0,0,0,0,0,0,0,0,0,0,0,0,0,0,0,0,0,0,0,0,0,0,0,0,0,0,0,0,0,0,0,0,0,0,0,0,0,0,0,0,0,0,0,0,0,0,0,0,0,0,0,"Gangguan yang ditandai oleh perkembangan delusi baik dari tunggal atau serangkaian delusi terkait yang biasanya persisten dan kadang-kadang seumur hidup.

Isi khayalan atau delusi sangat bervariasi. Halusinasi pendengaran yang jelas dan persisten (suara-suara), gejala-gejala skizofrenik seperti delusi kontrol dan tanda-tanda efek tumpul yang jelas, dan bukti pasti penyakit otak semuanya tidak sesuai dengan diagnosis ini.",0,0,0,0,0,0,0,0,0,0,0,0,0,0,0,0,0,0,0,0,0,0,0,0,0,0,0,0,0,0,0,0,0,0,0,0,0,0,0,0,0,0,0,0,0,0,0,0,0,0,0,2,0,0,0,0,0,0,0,0,0,0,0,0,0,0,0,0,0,0,0,0,0,0,0,0,0,0,0,0,0,0,0,0,0,0,0,0,0,0,0,0,0,0,0,0,0,0,0,0,0,0,0,0,0,0,0,0,0,0,0,0,0,0,0,0,0,0,0,0,0,0,0
0,1,0,0,0,0,0,0,0,0,0,0,0,0,0,0,0,0,0,0,1,0,0,0,0,0,0,0,0,0,0,0,0,0,0,0,0,0,1,0,0,1,0,0,0,0,0,0,0,0,1,1,0,0,0,0,0,1,0,1,0,0,0,0,0,0,0,0,0,0,0,0,0,0,0,0,0,0,0,0,0,0,0,0,0,0,0,0,0,Gangguan episodik di mana gejala afektif dan skizofrenik menonjol tetapi tidak membenarkan diagnosis skizofrenia atau episode depresi atau manik.,0,0,0,0,0,0,0,0,0,0,0,0,0,0,0,0,0,1,0,0,0,0,0,0,0,0,0,0,0,0,0,0,0,0,0,0,0,0,0,0,0,0,0,0,0,0,0,0,0,0,0,0,0,0,0,0,0,0,0,0,0,0,0,0,0,0,0,0,0,0,0,0,0,0,0,0,0,0,0,0,0,0,0,0,0,0,0,1,1,0,0,0,0,0,0,0,0,0,0,0,0,0,0,0,0,0,0,0,0,0,0,0,0,0,1,0,0,0,0,0,0,0,0
0,0,0,0,0,0,0,0,0,0,0,0,0,0,0,0,0,0,0,0,0,0,0,0,0,0,0,0,0,0,0,0,0,0,0,0,0,0,0,0,0,0,0,0,0,0,0,0,0,0,0,0,0,0,0,0,0,0,0,0,0,0,0,0,0,0,0,0,0,0,0,0,0,0,0,0,0,0,0,0,0,0,0,0,0,0,0,0,0,"Mania adalah gangguan yang ditandai dengan peningkatan suasana hati yang ringan, peningkatan energi dan aktivitas, dan biasanya ditandai perasaan kesejahteraan serta efisiensi fisik dan mental.

Peningkatan kemampuan bersosialisasi, banyak bicara, terlalu akrab, meningkatkan energi seksual dan berkurangnya kebutuhan untuk tidur sering kali terjadi tetapi tidak sampai pada tingkat yang menyebabkan gangguan kerja yang parah atau mengakibatkan penolakan sosial.",0,0,0,0,0,0,0,0,0,0,0,0,0,0,0,0,0,0,0,0,0,0,0,0,0,0,0,0,0,0,0,0,0,0,0,0,0,0,0,0,0,0,0,0,0,0,0,0,0,0,0,0,0,0,0,0,0,0,0,0,0,0,0,0,0,0,0,0,0,0,0,0,0,0,0,0,0,0,0,0,0,0,0,0,0,0,0,0,0,0,0,0,0,0,0,0,0,0,0,0,0,0,0,0,0,0,0,0,0,0,0,0,5,0,0,0,0,0,0,0,0,0,0
0,0,0,0,0,0,0,0,0,0,0,0,0,0,0,0,0,0,0,0,0,0,0,0,0,0,0,0,0,0,0,0,0,0,0,0,0,0,2,0,0,0,0,0,0,0,0,0,0,0,3,0,0,0,0,0,0,2,0,0,0,0,0,0,0,0,0,0,0,0,0,0,0,0,0,0,0,0,0,0,0,0,0,0,0,0,0,0,0,"Gangguan Mood yang Persisten dan biasanya berfluktuasi, di mana sebagian besar episode individual tidak cukup parah untuk bisa dikatakan sebagai episode hipomanik atau depresi ringan. Karena mereka bertahan selama bertahun-tahun, dan kadang-kadang bagian terbesarnya adalah kehidupan orang dewasa, mereka melibatkan banyak kesulitan dan kecacatan. Dalam beberapa kasus, episode manik atau depresi berulang atau tunggal dapat ditumpangkan pada gangguan afektif yang persisten.",0,0,0,0,0,0,0,0,0,0,0,0,0,0,0,0,0,0,0,0,0,0,0,0,0,0,0,0,0,0,0,0,0,0,0,0,0,0,0,0,0,0,0,0,0,0,0,0,0,0,0,2,0,0,0,0,0,0,0,0,0,0,0,0,0,0,0,0,0,0,0,0,0,0,0,0,0,0,0,0,0,0,0,0,0,0,0,0,0,0,0,0,0,0,0,0,0,0,0,0,0,0,0,0,0,0,0,0,0,0,0,0,0,0,0,0,0,0,0,0,0,0,0
0,0,0,0,0,0,0,3,0,0,0,0,0,0,0,0,0,0,0,0,0,0,0,0,0,0,0,0,0,2,0,0,0,0,0,0,0,0,0,0,0,0,0,0,0,0,0,0,0,0,0,0,0,0,0,0,0,3,0,0,0,0,0,0,0,0,0,0,0,0,0,0,0,0,0,0,0,0,0,0,0,0,0,0,0,0,0,0,0,"Gangguan Panik adalah gangguan yang tergolong ke dalam gangguan kecemasan yang ditandai dengan terjadinya serangan panik secara tiba-tiba, kapan dan di mana saja, serta dialami berulang-ulang. Pada kondisi normal, tiap orang dapat mengalami kecemasan pada waktu tertentu sebagai bentuk respons alami tubuh dalam menghadapi stres atau situasi yang mengancam jiwa.",0,0,0,0,0,0,0,0,0,0,0,0,0,0,0,0,0,0,0,0,0,0,0,0,0,0,0,0,0,0,0,0,0,0,0,0,0,0,0,0,0,2,0,0,0,0,0,0,0,0,0,0,0,0,0,0,0,0,0,0,0,0,0,0,0,0,0,0,0,0,0,0,0,0,0,0,0,0,0,0,0,0,0,0,0,0,0,0,0,0,0,0,0,0,0,0,0,0,0,0,0,0,0,0,0,0,0,0,0,0,0,0,0,0,0,0,0,0,0,0,0,0,0
0,0,0,0,0,0,0,1,1,0,0,0,0,0,1,0,0,0,0,0,0,0,0,0,0,0,0,0,0,0,0,0,0,0,0,0,0,0,0,0,0,0,0,0,0,0,0,0,0,0,0,0,0,0,0,0,0,1,0,0,0,0,0,0,0,0,0,0,0,0,0,0,0,0,1,0,0,0,0,0,0,0,0,0,0,0,0,0,0,"Gangguan Penyesuaian adalah kondisi jangka pendek yang terjadi ketika seseorang mengalami kesulitan besar dalam mengatasi, atau menyesuaikan diri dengan sesuatu yang dianggap sebagai sumber stres tertentu.",0,0,1,0,0,0,0,0,0,0,0,0,0,0,0,0,0,0,0,0,0,0,0,0,0,0,0,0,0,0,0,0,0,0,0,0,0,0,0,0,0,0,0,0,1,0,0,0,0,0,0,0,0,0,0,0,0,0,0,0,0,0,0,0,0,0,0,0,0,0,0,0,0,0,0,0,0,0,0,0,0,0,2,0,0,0,0,0,0,0,0,0,0,0,1,0,0,1,1,0,0,0,0,0,0,0,0,0,0,0,0,0,0,0,0,0,0,0,0,0,0,0,0
0,0,1,0,0,0,0,0,0,0,0,0,0,0,0,0,0,0,0,0,0,0,0,0,0,0,0,0,1,0,0,0,0,0,0,0,0,0,0,0,0,0,0,0,0,0,0,0,0,0,0,0,0,0,0,1,0,0,0,0,0,0,0,0,0,0,0,0,0,0,0,0,0,0,0,0,0,0,0,0,1,0,0,0,0,1,0,1,0,"Agrophobia adalah sekelompok fobia yang mempunyai ketakutan meninggalkan rumah, memasuki toko, kerumunan, dan tempat-tempat umum, atau bepergian sendirian di kereta, bus, atau pesawat.",0,0,0,0,0,0,0,0,0,0,0,0,0,0,0,0,0,0,0,0,0,0,0,0,0,0,0,0,0,0,0,0,0,0,0,0,0,0,0,0,0,0,0,1,0,0,1,0,0,0,0,0,0,1,0,0,0,0,0,0,0,0,0,0,0,0,0,0,0,0,1,0,0,0,0,0,0,0,0,0,0,0,0,0,0,0,0,0,0,0,0,0,0,0,0,0,0,0,0,1,0,0,0,1,0,0,0,0,0,0,0,1,0,1,0,0,0,0,0,0,0,0,0
0,0,0,0,0,0,0,0,0,0,0,0,0,0,0,0,0,0,0,0,0,0,0,0,0,0,0,0,0,0,0,0,0,0,0,0,0,0,0,0,0,0,0,0,0,0,0,0,0,0,0,0,0,0,0,3,0,0,0,0,0,0,0,0,0,0,0,0,0,0,0,0,0,0,0,0,0,0,0,0,0,0,0,0,0,0,0,0,0,"Fobia Sosial adalah ketakutan yang dicermati oleh orang lain, yang mengarah pada penghindaran situasi sosial. Fobia sosial yang lebih luas biasanya dikaitkan dengan harga diri yang rendah dan ketakutan akan kritik.

Dan juga, fobia sosial adalah gangguan kesehatan mental yang ditandai dengan rasa takut akan diawasi, dihakimi, atau dipermalukan oleh orang lain.",0,0,0,0,0,0,0,0,0,0,0,0,0,0,0,0,0,0,0,0,0,0,0,0,0,0,0,0,0,0,0,0,0,0,0,0,2,0,0,0,0,0,0,0,0,0,0,0,0,0,0,0,0,0,0,0,0,0,0,0,0,0,0,0,0,0,0,0,0,0,0,0,0,0,0,0,0,0,0,0,0,0,0,0,0,0,0,0,0,0,0,0,4,0,0,0,0,0,0,3,0,0,0,0,0,0,0,0,0,0,0,0,0,0,0,0,0,0,0,0,0,0,0
0,0,0,0,0,0,0,0,0,0,0,0,0,0,0,0,0,0,0,0,0,0,0,1,0,0,0,0,0,1,0,0,0,0,0,0,0,0,0,2,0,0,0,0,0,0,0,0,0,0,0,0,0,0,0,0,0,2,0,0,0,0,0,0,0,0,0,0,0,0,0,0,0,0,0,0,0,0,0,0,0,0,0,0,0,0,0,0,0,"Gangguan Obsesif Kompulsif atau OCD adalah gangguan mental yang menyebabkan penderitanya merasa harus melakukan suatu tindakan secara berulang-ulang. Bila tidak dilakukan, penderita OCD akan diliputi kecemasan atau ketakutan. ",0,1,0,0,0,0,0,0,0,0,0,0,1,0,0,0,0,0,0,0,0,1,0,0,0,0,0,0,0,0,0,0,0,0,1,2,0,0,0,0,0,0,0,0,0,0,0,0,0,0,0,0,0,0,0,0,0,0,0,0,0,0,0,0,0,0,0,0,0,0,0,0,0,0,1,0,0,0,0,0,0,0,0,0,0,0,0,0,0,0,0,0,0,0,0,0,0,0,0,1,0,0,0,0,0,0,0,0,0,1,0,0,0,0,0,0,0,0,0,0,0,0,0
0,0,0,0,0,0,0,0,0,0,0,0,0,0,0,0,0,0,0,0,0,0,0,1,0,0,0,0,0,1,0,0,0,0,0,0,0,0,0,2,0,0,0,1,0,0,0,0,0,0,0,0,0,0,0,0,0,2,0,0,0,0,0,0,0,0,0,0,0,0,0,0,0,0,0,0,0,0,0,0,0,0,0,0,0,0,0,0,0,"Gangguan Disosiatif adalah gangguan mental yang menyebabkan penderitanya merasa harus melakukan suatu tindakan secara berulang-ulang. Bila tidak dilakukan, penderita OCD akan diliputi kecemasan atau ketakutan. ",0,0,0,0,0,0,0,0,0,0,0,0,1,0,0,0,0,0,0,0,0,1,0,0,0,0,0,0,0,0,0,0,0,0,0,1,0,0,0,0,0,0,0,0,0,0,0,0,0,0,0,0,0,0,0,0,0,0,0,0,0,0,0,0,0,0,0,0,0,0,0,0,0,0,1,0,0,0,0,0,0,0,0,0,0,0,0,0,0,0,0,0,0,0,0,0,0,0,0,1,0,0,0,0,0,0,0,0,0,1,0,0,0,0,0,0,0,0,0,0,0,0,0
0,0,0,0,0,0,0,0,0,0,0,0,0,0,0,0,0,0,0,0,0,0,0,0,0,0,0,0,0,0,0,0,0,0,0,0,0,0,0,0,0,0,0,0,1,0,0,0,0,0,0,0,0,0,2,0,0,1,0,1,0,0,0,0,0,0,0,0,0,0,0,0,0,0,0,0,1,0,0,0,1,0,0,0,0,0,0,0,0,"Somatoform adalah sekelompok gangguan kejiwaan di mana kita bisa merasakan adanya gejala sakit fisik yang nyata di tubuh kita, namun setelah diperiksakan ke dokter, ternyata tidak ditemukan kelainan secara fisik.",0,0,0,0,0,0,0,0,1,0,0,0,0,0,0,0,0,0,0,0,0,0,0,0,0,0,0,0,0,0,1,0,0,0,0,0,0,0,0,0,0,0,0,0,0,0,0,0,1,0,0,0,0,0,0,0,0,0,0,0,0,0,0,0,0,0,0,1,0,0,0,0,1,0,0,0,0,0,0,0,0,0,0,0,0,0,0,0,0,0,1,0,0,0,0,0,0,0,0,0,0,0,0,0,1,0,0,0,0,0,0,0,0,0,0,1,0,0,0,0,0,0,0
0,0,0,0,0,0,0,0,0,0,0,0,0,0,0,0,0,0,0,0,0,0,0,0,0,0,0,0,0,0,0,0,0,0,0,0,0,0,0,0,0,0,0,0,0,0,0,0,0,0,0,0,0,0,0,0,0,2,0,1,0,0,0,0,0,0,0,0,0,0,0,0,0,0,0,1,1,0,0,0,0,0,1,0,0,0,0,0,0,"Somatisasi adalah jenis gangguan jiwa yang menyebabkan seseorang mengeluhkan satu atau lebih gejala penyakit, termasuk rasa nyeri, sakit perut, masalah neurologis, gangguan pernapasan, masalah seksual, dan lainnya.",0,0,0,0,0,0,0,0,0,0,0,0,0,0,0,0,0,0,0,0,0,0,0,0,0,1,0,1,0,0,0,0,1,0,0,0,0,0,0,0,0,0,0,0,0,0,0,0,0,0,0,0,1,0,0,0,0,0,0,0,0,0,0,0,0,0,0,0,0,0,0,0,2,0,1,0,0,0,1,0,0,0,0,0,0,0,0,0,0,1,0,0,0,0,0,0,0,0,0,0,0,0,0,0,0,0,0,0,0,0,0,0,0,0,0,0,0,0,0,0,0,0,0
0,0,0,0,0,0,0,0,0,0,1,0,0,0,0,0,1,0,0,0,0,1,1,0,0,0,0,0,0,0,0,0,0,0,0,0,0,0,0,0,0,0,0,0,0,0,0,0,0,0,0,0,0,0,0,0,0,2,0,0,0,0,0,0,0,0,0,0,0,0,0,0,0,0,0,0,0,0,0,0,0,0,0,0,0,0,0,0,0,"Anorexa Nervosa adalah gangguan makan yang ditandai dengan rasa takut yang berlebihan bila berat badan bertambah, dan gangguan persepsi pada bentuk tubuh.",0,0,0,0,0,0,0,0,0,0,0,0,0,1,0,0,0,0,0,0,0,0,0,0,0,0,1,0,0,0,0,0,0,0,0,0,0,0,0,0,0,0,0,0,0,0,0,0,0,0,1,0,0,0,0,0,0,0,0,0,0,0,0,0,0,0,0,0,0,0,0,0,0,0,0,0,0,0,0,0,0,0,0,0,0,0,0,0,0,0,0,0,0,0,0,0,0,0,0,1,1,1,0,0,0,0,0,0,0,0,0,0,0,0,0,1,0,0,0,0,0,0,0
0,0,0,0,0,0,0,0,0,0,0,0,0,0,0,0,0,0,0,0,0,0,0,0,0,4,0,0,0,0,0,0,0,0,0,0,0,0,0,0,0,0,0,0,0,0,0,0,0,0,0,0,0,0,0,0,0,2,0,0,0,0,0,0,0,0,0,0,0,0,0,0,0,0,0,0,0,0,0,0,0,0,0,0,0,0,0,0,0,Bulimia atau bulimia nervosa adalah gangguan makan yang ditandai dengan kecenderungan untuk memuntahkan kembali makanan yang telah dimakannya. Bulimia atau bulimia nervosa adalah gangguan mental yang berbahaya dan berpotensi mengancam nyawa.,0,0,0,0,0,0,0,0,0,0,0,0,0,3,0,0,0,0,0,0,0,0,0,0,0,0,2,0,0,0,0,0,0,0,0,0,0,0,0,0,0,0,0,0,0,0,0,0,0,0,0,0,0,0,0,0,0,0,0,0,0,0,0,0,0,0,0,0,0,0,0,0,0,0,0,0,0,0,0,0,0,0,0,0,0,0,0,0,0,0,0,0,0,0,0,0,0,0,0,0,0,0,0,0,0,0,0,0,0,0,0,0,0,0,0,0,0,0,0,0,0,0,0
0,0,0,0,0,0,0,0,0,0,0,0,0,0,0,0,0,0,0,0,0,0,0,0,0,0,0,0,0,0,0,0,0,0,0,0,0,0,0,2,0,0,0,0,0,0,0,0,0,0,0,0,0,0,0,0,0,2,0,0,0,0,0,0,0,0,0,0,0,0,0,0,0,0,0,0,0,0,0,0,0,0,0,0,0,0,0,0,0,"Insomnia adalah gangguan tidur yang menyebabkan penderitanya sulit tidur, atau tidak cukup tidur, meskipun terdapat cukup waktu untuk melakukannya. Gangguan tersebut menyebabkan kondisi penderita tidak prima untuk melakukan aktivitas keesokan harinya.",0,0,0,0,0,0,0,0,0,0,0,0,0,0,0,0,0,0,0,0,0,0,0,0,0,0,0,0,0,0,0,0,0,0,0,0,0,0,0,0,0,0,0,0,0,0,0,0,0,0,0,0,0,0,0,0,0,0,0,0,0,0,0,0,0,0,0,0,0,0,0,0,0,0,2,0,0,0,0,0,0,0,0,0,0,0,0,0,0,0,0,0,0,0,0,0,0,0,0,0,0,0,0,0,0,0,0,3,0,0,0,0,0,0,0,0,0,0,0,0,0,0,0
0,0,0,0,0,0,0,0,0,0,0,0,0,0,0,0,0,0,0,0,0,0,0,0,0,0,0,0,0,0,0,0,0,0,0,0,0,0,0,0,0,0,0,0,0,0,0,0,0,0,1,0,0,0,0,0,0,0,0,0,0,0,0,0,1,0,0,0,0,0,0,0,0,0,0,0,0,0,1,0,0,0,0,0,0,0,0,0,0,Hipersomnia adalah kondisi yang ditandai dengan episode berulang kantuk di siang hari yang berlebihan atau tidur nyenyak di malam hari yang berlebihan.,0,0,1,0,0,0,0,0,0,0,0,0,0,0,0,1,0,0,0,0,0,0,0,0,0,0,0,0,0,0,0,1,0,0,0,0,0,0,0,0,0,0,0,0,0,0,0,0,0,0,0,0,0,0,0,0,0,0,0,0,0,0,0,0,0,0,0,0,0,0,0,0,0,0,0,0,0,0,0,0,0,0,0,1,0,0,0,0,0,0,0,0,0,0,0,0,0,0,0,0,0,1,0,0,0,0,0,1,0,0,0,0,0,0,0,0,0,0,1,0,0,0,0
0,0,0,0,0,0,0,0,0,0,0,0,0,0,0,0,0,0,0,0,0,0,0,0,0,0,0,0,0,0,0,0,0,0,0,0,0,0,0,0,0,0,0,0,0,0,0,0,0,0,0,0,0,0,0,0,0,1,0,0,0,0,0,0,0,0,0,0,0,0,0,0,0,1,0,0,0,0,0,0,0,0,0,0,0,0,0,0,0,Somnambulism adalah gangguan perilaku yang terjadi saat tidur nyenyak dan menyebabkan seseorang berjalan atau melakukan perilaku kompleks saat sedang tertidur. ,1,0,0,0,0,0,0,0,0,0,0,0,0,0,0,0,0,0,0,0,0,0,0,0,0,0,0,0,0,0,0,1,0,0,0,0,0,0,0,0,0,0,0,0,0,0,0,0,0,2,0,0,0,0,0,0,0,0,0,0,0,0,0,0,0,0,0,0,0,0,0,0,0,0,1,0,0,0,0,0,0,0,0,0,0,0,0,0,0,0,0,1,0,0,0,0,0,0,0,0,0,0,0,0,0,0,0,2,0,0,0,0,0,0,0,0,0,0,0,0,0,0,0
0,0,0,0,0,0,1,1,0,0,0,0,0,0,0,0,0,0,1,0,0,0,0,0,0,0,0,1,0,0,0,0,0,0,0,0,0,0,0,0,0,0,0,0,0,0,0,0,0,1,0,0,0,0,0,0,0,1,0,0,1,1,0,0,0,0,0,0,0,1,0,0,0,0,0,0,0,0,0,0,0,1,0,0,0,0,1,0,0,"Night terror adalah gangguan tidur yang ditandai dengan teriakan, ketakutan yang sangat intens, keluarnya keringat, gerakan memukul-mukul, menangis, atau bahkan halusinasi. Saat seseorang tidur dan mengalami mimpi buruk, biasanya ia dapat terbangun dan mengingat pengalaman yang tidak mengenakkan tersebut.",0,0,0,0,0,0,0,0,0,0,0,0,0,0,0,0,0,0,0,1,1,0,0,1,0,0,0,0,1,0,0,0,0,0,0,0,0,0,0,0,0,0,0,0,0,0,0,0,0,0,0,0,0,0,0,0,0,0,0,0,0,0,0,0,0,0,0,0,1,0,0,0,0,0,0,0,0,0,0,0,0,0,0,0,0,0,0,0,0,0,0,0,0,0,0,0,0,0,0,1,0,1,0,0,0,0,1,2,0,0,0,0,0,0,0,0,0,0,0,0,0,0,0
0,0,0,0,0,0,1,1,0,0,0,0,0,0,0,0,0,0,1,0,0,0,0,0,0,0,0,1,0,0,0,0,0,0,0,0,0,0,0,0,0,0,0,0,0,0,0,0,0,1,0,0,0,0,0,0,0,1,0,0,1,1,0,0,0,0,0,0,0,1,0,0,0,0,0,0,0,0,0,0,0,1,0,0,0,0,1,0,0,"Night terror adalah gangguan tidur yang ditandai dengan teriakan, ketakutan yang sangat intens, keluarnya keringat, gerakan memukul-mukul, menangis, atau bahkan halusinasi. Saat seseorang tidur dan mengalami mimpi buruk, biasanya ia dapat terbangun dan mengingat pengalaman yang tidak mengenakkan tersebut.",0,0,0,0,0,0,0,0,0,0,0,0,0,0,0,0,0,0,0,1,1,0,0,1,0,0,0,0,1,0,0,0,0,0,0,0,0,0,0,0,0,0,0,0,0,0,0,0,0,0,0,0,0,0,0,0,0,0,0,0,0,0,0,0,0,0,0,0,1,0,0,0,0,0,0,0,0,0,0,0,0,0,0,0,0,0,0,0,0,0,0,0,0,0,0,0,0,0,0,1,0,1,0,0,0,0,1,2,0,0,0,0,0,0,0,0,0,0,0,0,0,0,0
